{"cameraMode":{"drawMode":0,"name":"Shaded","section":"Shading Mode"},"sceneLighting":true,"audioPlay":false,"sceneViewState":{"showFog":false,"showMaterialUpdate":false,"showSkybox":false,"showFlares":false,"showImageEffects":false,"showParticleSystems":false,"showVisualEffectGraphs":false},"in2DMode":false,"pivot":{"x":-3.7157809734344484,"y":1.0235556364059449,"z":4.077397346496582},"rotation":{"x":0.06820758432149887,"y":-0.4497830271720886,"z":0.034475695341825488,"w":0.8898623585700989},"size":6.8049235343933109,"orthographic":false}