{"cameraMode":{"drawMode":0,"name":"Shaded","section":"Shading Mode"},"sceneLighting":true,"audioPlay":false,"sceneViewState":{"showFog":false,"showMaterialUpdate":false,"showSkybox":false,"showFlares":false,"showImageEffects":false,"showParticleSystems":false,"showVisualEffectGraphs":false},"in2DMode":false,"pivot":{"x":412.59112548828127,"y":265.231689453125,"z":58.616302490234378},"rotation":{"x":0.10025618970394135,"y":-0.5575513243675232,"z":-0.06811252981424332,"w":-0.8212976455688477},"size":705.1068725585938,"orthographic":false}