{"cameraMode":{"drawMode":0,"name":"Shaded","section":"Shading Mode"},"sceneLighting":true,"audioPlay":false,"sceneViewState":{"showFog":false,"showMaterialUpdate":false,"showSkybox":false,"showFlares":false,"showImageEffects":false,"showParticleSystems":false,"showVisualEffectGraphs":false},"in2DMode":false,"pivot":{"x":-4.6466827392578129,"y":0.9663033485412598,"z":2.5027027130126955},"rotation":{"x":0.06711661070585251,"y":-0.5328826308250427,"z":0.042453665286302569,"w":0.8424546122550964},"size":9.168745040893555,"orthographic":false}