{"cameraMode":{"drawMode":0,"name":"Shaded","section":"Shading Mode"},"sceneLighting":true,"audioPlay":false,"sceneViewState":{"showFog":false,"showMaterialUpdate":false,"showSkybox":false,"showFlares":false,"showImageEffects":false,"showParticleSystems":false,"showVisualEffectGraphs":false},"in2DMode":false,"pivot":{"x":10.434915542602539,"y":-5.854387283325195,"z":15.25855827331543},"rotation":{"x":0.16301043331623078,"y":0.33169957995414736,"z":-0.0583052858710289,"w":0.9273654222488403},"size":46.222412109375,"orthographic":false}