{"cameraMode":{"drawMode":0,"name":"Shaded","section":"Shading Mode"},"sceneLighting":false,"audioPlay":false,"sceneViewState":{"showFog":true,"showMaterialUpdate":false,"showSkybox":false,"showFlares":true,"showImageEffects":true,"showParticleSystems":true,"showVisualEffectGraphs":true},"in2DMode":false,"pivot":{"x":-20.637659072875978,"y":1.404771327972412,"z":-5.549769401550293},"rotation":{"x":-0.001115617691539228,"y":0.7874093651771545,"z":-0.0014249070081859828,"w":-0.616427481174469},"size":23.878894805908204,"orthographic":false}