{"cameraMode":{"drawMode":0,"name":"Shaded","section":"Shading Mode"},"sceneLighting":true,"audioPlay":false,"sceneViewState":{"showFog":false,"showMaterialUpdate":false,"showSkybox":false,"showFlares":false,"showImageEffects":false,"showParticleSystems":false,"showVisualEffectGraphs":false},"in2DMode":false,"pivot":{"x":-27.2250919342041,"y":2.3466789722442629,"z":-7.705995559692383},"rotation":{"x":0.002628213493153453,"y":0.8117162585258484,"z":0.0036522899754345419,"w":-0.5840417742729187},"size":32.29030227661133,"orthographic":false}