{"cameraMode":{"drawMode":0,"name":"Shaded","section":"Shading Mode"},"sceneLighting":true,"audioPlay":false,"sceneViewState":{"showFog":false,"showMaterialUpdate":false,"showSkybox":false,"showFlares":false,"showImageEffects":false,"showParticleSystems":false,"showVisualEffectGraphs":false},"in2DMode":false,"pivot":{"x":0.0910840630531311,"y":1.0291954278945923,"z":-1.2149072885513306},"rotation":{"x":0.002977727446705103,"y":0.9763503670692444,"z":-0.21576984226703645,"w":0.013471105135977269},"size":3.14198637008667,"orthographic":false}