{"cameraMode":{"drawMode":0,"name":"Shaded","section":"Shading Mode"},"sceneLighting":true,"audioPlay":false,"sceneViewState":{"showFog":false,"showMaterialUpdate":false,"showSkybox":false,"showFlares":false,"showImageEffects":false,"showParticleSystems":false,"showVisualEffectGraphs":false},"in2DMode":false,"pivot":{"x":0.7396789789199829,"y":1.9786299467086793,"z":-0.08779647201299668},"rotation":{"x":-0.07482443749904633,"y":0.8346842527389526,"z":-0.11720050126314163,"w":-0.5328933000564575},"size":3.045234203338623,"orthographic":false}