{"cameraMode":{"drawMode":0,"name":"Shaded","section":"Shading Mode"},"sceneLighting":false,"audioPlay":false,"sceneViewState":{"showFog":true,"showMaterialUpdate":false,"showSkybox":false,"showFlares":true,"showImageEffects":true,"showParticleSystems":true,"showVisualEffectGraphs":true},"in2DMode":false,"pivot":{"x":-19.388269424438478,"y":1.1622772216796876,"z":-10.055522918701172},"rotation":{"x":-0.0033714291639626028,"y":0.8452673554420471,"z":-0.005333392880856991,"w":-0.5343058109283447},"size":33.92694091796875,"orthographic":false}