{"cameraMode":{"drawMode":0,"name":"Shaded","section":"Shading Mode"},"sceneLighting":false,"audioPlay":false,"sceneViewState":{"showFog":true,"showMaterialUpdate":false,"showSkybox":false,"showFlares":true,"showImageEffects":true,"showParticleSystems":true,"showVisualEffectGraphs":true},"in2DMode":false,"pivot":{"x":-0.7300751805305481,"y":2.497917652130127,"z":-5.143326282501221},"rotation":{"x":0.004814129322767258,"y":0.9951838850975037,"z":0.06846728175878525,"w":-0.06997591257095337},"size":7.908519268035889,"orthographic":false}