{"cameraMode":{"drawMode":0,"name":"Shaded","section":"Shading Mode"},"sceneLighting":true,"audioPlay":false,"sceneViewState":{"showFog":false,"showMaterialUpdate":false,"showSkybox":false,"showFlares":false,"showImageEffects":false,"showParticleSystems":false,"showVisualEffectGraphs":false},"in2DMode":false,"pivot":{"x":-26.546802520751954,"y":2.818249225616455,"z":18.44802474975586},"rotation":{"x":-0.014536445960402489,"y":-0.4736607074737549,"z":-0.007804363965988159,"w":0.8805838823318481},"size":35.39398193359375,"orthographic":false}