{"cameraMode":{"drawMode":0,"name":"Shaded","section":"Shading Mode"},"sceneLighting":false,"audioPlay":false,"sceneViewState":{"showFog":true,"showMaterialUpdate":false,"showSkybox":false,"showFlares":true,"showImageEffects":true,"showParticleSystems":true,"showVisualEffectGraphs":true},"in2DMode":false,"pivot":{"x":0.013593912124633789,"y":1.398932695388794,"z":0.012342631816864014},"rotation":{"x":-0.0033714291639626028,"y":0.8452673554420471,"z":-0.005333392880856991,"w":-0.5343058109283447},"size":4.041635036468506,"orthographic":false}