{"cameraMode":{"drawMode":0,"name":"Shaded","section":"Shading Mode"},"sceneLighting":true,"audioPlay":false,"sceneViewState":{"showFog":false,"showMaterialUpdate":false,"showSkybox":false,"showFlares":false,"showImageEffects":false,"showParticleSystems":false,"showVisualEffectGraphs":false},"in2DMode":false,"pivot":{"x":27.351303100585939,"y":-9.372312545776368,"z":5.561985015869141},"rotation":{"x":-0.15846960246562959,"y":-0.6523992419242859,"z":0.14212331175804139,"w":-0.7274044156074524},"size":40.63677978515625,"orthographic":false}