{"cameraMode":{"drawMode":0,"name":"Shaded","section":"Shading Mode"},"sceneLighting":true,"audioPlay":false,"sceneViewState":{"showFog":false,"showMaterialUpdate":false,"showSkybox":false,"showFlares":false,"showImageEffects":false,"showParticleSystems":false,"showVisualEffectGraphs":false},"in2DMode":false,"pivot":{"x":12.177665710449219,"y":-1.1048412322998047,"z":3.6394386291503908},"rotation":{"x":0.2055250108242035,"y":0.0014679055893793703,"z":-0.0003082200710196048,"w":0.978651762008667},"size":36.50320816040039,"orthographic":false}