{"cameraMode":{"drawMode":0,"name":"Shaded","section":"Shading Mode"},"sceneLighting":false,"audioPlay":false,"sceneViewState":{"showFog":true,"showMaterialUpdate":false,"showSkybox":false,"showFlares":true,"showImageEffects":true,"showParticleSystems":true,"showVisualEffectGraphs":true},"in2DMode":false,"pivot":{"x":16.335554122924806,"y":1.499745488166809,"z":24.4617919921875},"rotation":{"x":-0.0033714291639626028,"y":0.8452673554420471,"z":-0.005333392880856991,"w":-0.5343058109283447},"size":4.24617862701416,"orthographic":false}