{"cameraMode":{"drawMode":0,"name":"Shaded","section":"Shading Mode"},"sceneLighting":true,"audioPlay":false,"sceneViewState":{"showFog":false,"showMaterialUpdate":false,"showSkybox":false,"showFlares":false,"showImageEffects":false,"showParticleSystems":false,"showVisualEffectGraphs":false},"in2DMode":false,"pivot":{"x":-4.216431617736816,"y":-0.011559247970581055,"z":-0.49506044387817385},"rotation":{"x":-0.08601648360490799,"y":0.8158625960350037,"z":-0.12581101059913636,"w":-0.557806670665741},"size":13.469966888427735,"orthographic":false}