{"cameraMode":{"drawMode":0,"name":"Shaded","section":"Shading Mode"},"sceneLighting":false,"audioPlay":false,"sceneViewState":{"showFog":true,"showMaterialUpdate":false,"showSkybox":false,"showFlares":true,"showImageEffects":true,"showParticleSystems":true,"showVisualEffectGraphs":true},"in2DMode":false,"pivot":{"x":0.008179787546396256,"y":1.5053571462631226,"z":0.0008457022486254573},"rotation":{"x":0.0010746840853244067,"y":0.9983293414115906,"z":-0.05427232384681702,"w":0.019770491868257524},"size":1.8452343940734864,"orthographic":false}