{"cameraMode":{"drawMode":0,"name":"Shaded","section":"Shading Mode"},"sceneLighting":true,"audioPlay":false,"sceneViewState":{"showFog":false,"showMaterialUpdate":false,"showSkybox":false,"showFlares":false,"showImageEffects":false,"showParticleSystems":false,"showVisualEffectGraphs":false},"in2DMode":false,"pivot":{"x":-1.6439217329025269,"y":0.8508425354957581,"z":-0.6541886329650879},"rotation":{"x":-0.08770660310983658,"y":0.8686014413833618,"z":-0.1661495566368103,"w":-0.45851919054985049},"size":4.941987037658691,"orthographic":false}