{"cameraMode":{"drawMode":0,"name":"Shaded","section":"Shading Mode"},"sceneLighting":true,"audioPlay":false,"sceneViewState":{"showFog":false,"showMaterialUpdate":false,"showSkybox":false,"showFlares":false,"showImageEffects":false,"showParticleSystems":false,"showVisualEffectGraphs":false},"in2DMode":false,"pivot":{"x":24.765045166015626,"y":6.201404571533203,"z":-3.3604884147644045},"rotation":{"x":-0.0250064879655838,"y":0.7666420936584473,"z":0.02991463616490364,"w":0.6408953666687012},"size":36.62165069580078,"orthographic":false}